Date,Installs,LTV,LTV1,LTV2,LTV3,LTV4,LTV5,LTV6,LTV7,LTV8,LTV9,LTV10,LTV11,LTV12,LTV13,LTV14,LTV15,LTV16,LTV17,LTV18,LTV19,LTV20,LTV21,LTV22,LTV23,LTV24,LTV25,LTV26,LTV27,LTV28,LTV29,LTV30,LTV31,LTV32,LTV33,LTV34,LTV35,LTV36,LTV37,LTV38,LTV39,LTV40,LTV41,LTV42,LTV43,LTV44,LTV45,LTV46,LTV47,LTV48,LTV49,LTV50,LTV51,LTV52,LTV53,LTV54,LTV55,LTV56,LTV57,LTV58,LTV59,LTV60,LTV61,LTV62,LTV63,LTV64,LTV65,LTV66,LTV67,LTV68,LTV69,LTV70,LTV71,LTV72,LTV73,LTV74,LTV75,LTV76,LTV77,LTV78,LTV79,LTV80,LTV81,LTV82,LTV83,LTV84,LTV85,LTV86,LTV87,LTV88,LTV89,LTV90
2017-01-01,601,0.7898891277836938,0.09054908485856905,0.10512762196339434,0.13224908618968387,0.13224908618968387,0.15654119194675542,0.18006864618968388,0.21595882921797008,0.21595882921797008,0.2273927596971714,0.23398177800000003,0.23398177800000003,0.23398177800000003,0.23772553839933447,0.2487598514866889,0.2487598514866889,0.2487598514866889,0.2487598514866889,0.25687324341347756,0.25687324341347756,0.25687324341347756,0.25687324341347756,0.25687324341347756,0.26179815898752085,0.2628593587712147,0.2628593587712147,0.2857150864009984,0.2857150864009984,0.2857150864009984,0.30014756603660575,0.30014756603660575,0.30014756603660575,0.30014756603660575,0.3044998624217971,0.3044998624217971,0.3133671997762064,0.31638209447670557,0.31638209447670557,0.31638209447670557,0.31638209447670557,0.31638209447670557,0.31638209447670557,0.31638209447670557,0.32095780163144766,0.32095780163144766,0.3543815391372713,0.3543815391372713,0.35654460070133115,0.3601377849317804,0.3601377849317804,0.3601377849317804,0.3745146887678869,0.3745146887678869,0.3745146887678869,0.38656127778618976,0.38844147745341107,0.38844147745341107,0.4018857370207988,0.40793427575707164,0.41633693798668897,0.41633693798668897,0.4213849305906823,0.42396396553244603,0.44105197301996685,0.4721337201081532,0.48143488483361074,0.48143488483361074,0.4973049639783695,0.4973049639783695,0.4973049639783695,0.511165196923461,0.511165196923461,0.5166394065740433,0.53324506381198,0.5683018504692179,0.5683018504692179,0.6458438780881862,0.6723164238452578,0.6866539894367719,0.6925441724650581,0.7255321107529117,0.7416385999376038,0.7416385999376038,0.7416385999376038,0.7426702139143093,0.7621232572653909,0.771279726388519,0.7758045185232945,0.7872268981663894,0.7898891277836938,0.78988912778369380074394712210050784051418304443359375
2017-01-02,618,6.230684822615697,0.023422291262135922,0.09089429449838188,0.19063576747572816,0.282868777184466,0.43916327556634305,0.6885483888349515,0.7081924017799354,1.0721244406148869,1.106204755918285,1.2169897321504857,1.2538991583721686,1.3165790219935278,1.39817029345712,1.4224906818066347,1.4479565114902917,1.4580535988689325,1.539095109639159,1.5717095139886734,1.6114548959401298,1.624610235745955,1.6669967848325247,1.683400618716829,1.7292120071084147,1.787659731504046,1.787659731504046,1.8046823852257288,1.8226597315040458,1.8987276926690944,1.9064461392710361,1.944445580716829,2.0338541205089005,2.1338938379587384,2.2830323933770234,2.3824365017483826,2.4111420033665056,2.4171290583826868,2.492034689606797,2.852706494487865,2.896411996105988,2.9673684052944993,3.0488408972038843,3.0952657110477353,3.135815872860033,3.294137553881878,3.361179702491101,3.372894912847088,3.47243404933657,3.557498609937703,3.680103034558253,3.729310154299353,3.794374879218447,3.884519362652104,3.961444928995146,4.052063537457929,4.125558683088998,4.268972219576861,4.548341151615697,4.5911611356302595,4.6516040741156965,4.725859737546117,4.938077573114079,4.949388252725729,4.959647152402105,5.0835832122726545,5.086657645929613,5.086657645929613,5.102725607094661,5.273291950136732,5.498144963421522,5.498144963421522,5.657172748537218,5.6728361789579305,5.747949447566345,5.951954793576863,5.9584272854862474,5.981716986584144,5.981716986584144,5.992364235775082,6.003488293744338,6.158658934499193,6.164791620583335,6.178351491133497,6.178351491133497,6.192799568727348,6.1943367855558265,6.205566559018609,6.217993743484628,6.230684822615697,6.230684822615697,
2017-01-03,526,3.2976305484496224,0.018002028897338405,0.023116097338403044,0.04598681977186312,0.05644130565589354,0.08804580996387833,0.10549828144676807,0.13028915597148288,0.15762195967490494,0.16368886889163498,0.18452988541254753,0.20808595389353612,0.28002370272528515,0.35729296054562737,0.37571501377756655,0.38396596434790875,0.4123880175798479,0.5064015822576046,0.5252038636264259,0.5348806697100761,0.5548545774866921,0.5599686459277567,0.5947757383041826,0.6346573922452473,0.6622215116815591,0.6951998050142587,0.7363003322671104,0.8180511551340306,0.8197042212728138,0.8958319629372625,0.9683892553022816,1.058676290741445,1.1197397929638786,1.2159999331749052,1.2898060795351713,1.302239539611217,1.320072239230989,1.320072239230989,1.4689462081825098,1.523718315379278,1.5335852355313693,1.570144170892586,1.5985759378060842,1.6290322115703428,1.671358757322244,1.671358757322244,1.707734073767111,1.707734073767111,1.8155900377576053,1.8952584376730046,1.9414287365665408,1.9414287365665408,1.998145059057035,2.0172099012623583,2.0172099012623583,2.083768836623575,2.090213703543727,2.203987423203423,2.203987423203423,2.221218184188214,2.249111027562739,2.271126236688214,2.420612173000001,2.4440164838365033,2.474798595078899,2.486161627304184,2.5294338886368837,2.5564341038279483,2.6172686524325113,2.6172686524325113,2.622972074485743,2.785647055998101,2.7984905091454393,2.941613818557987,3.0056252254020936,3.0412079382604587,3.1552953907319417,3.188310080354565,3.1933207427813715,3.209216133366923,3.229425258842208,3.290918256800383,3.290918256800383,3.294683780388786,3.2976305484496224,3.2976305484496224,3.2976305484496224,3.2976305484496224,3.2976305484496224,,
2017-01-04,553,3.97837096580651,0.015009041591320072,0.03278481012658228,0.0779405236347197,0.0932388961482821,0.1174522777034358,0.18241621138788428,0.18241621138788428,0.18241621138788428,0.18241621138788428,0.1919822150045208,0.1919822150045208,0.20010156400994578,0.215125032664557,0.23986282651627489,0.23986282651627489,0.23986282651627489,0.23986282651627489,0.23986282651627489,0.23986282651627489,0.27939359190325497,0.29987562833363474,0.3447052195515371,0.3750488000216998,0.44243278642405065,0.49174562548372514,0.4978939075813743,0.5072790793716094,0.5382431377007234,0.5828383103490055,0.7881185996799277,0.807234228045208,1.0594159628327307,1.3183782708318266,1.337035533464738,1.3977226944050634,1.3977226944050634,1.4674795269113925,1.4682842753544305,1.4682842753544305,1.4776694471446656,1.5130440770000002,1.528060456504521,1.578605532861664,1.5838113845569624,1.5975077033191685,1.5975077033191685,1.6415512003363475,1.6802311280036168,1.7373094770180835,1.7373094770180835,1.766748898356239,1.770998446276673,2.1587130480813745,2.164581435550633,2.178849066653707,2.2387313199231467,2.3884467682513564,2.600036292737794,2.782737800748644,2.943285458976492,2.944641697674503,2.9627480041844487,2.9797281126835444,3.1362860875641956,3.154966015231465,3.2263513626916818,3.255248288550633,3.255248288550633,3.2727708925289334,3.2766587767965647,3.2766587767965647,3.318835001299277,3.3396566143815556,3.427253767729657,3.427253767729657,3.4502013265000007,3.4831775461482826,3.523656398662749,3.5291624163083184,3.5768477689303797,3.6458095027802893,3.8208340249529837,3.8208340249529837,3.8258973160922243,3.9075391394050634,3.97837096580651,3.97837096580651,,,
2017-01-05,458,2.3695141697882103,0.008209606986899563,0.05936681222707423,0.0645414847161572,0.08126637554585152,0.09220524017467248,0.10072052401746724,0.10259825327510916,0.1081659388646288,0.17225286906222706,0.2114122138231441,0.23189256316812226,0.23403230115938864,0.23403230115938864,0.24608470290611353,0.2518707291069869,0.2995126505043668,0.2995126505043668,0.2995126505043668,0.2995126505043668,0.30647532594104804,0.40570293329585155,0.40570293329585155,0.4244694413427948,0.4244694413427948,0.4692061871965066,0.5486385016069869,0.5947277788580786,0.6199024513471616,0.6703982735371179,0.7019567921844978,0.7635639925447598,0.855223381191048,0.9705000111997817,0.9705000111997817,0.9782292688417031,1.0797080721626637,1.1024087076168123,1.1024087076168123,1.113792349239083,1.1641635282783844,1.1641635282783844,1.1666945236823145,1.1771530389661573,1.245880410136463,1.2594611961626638,1.2815489324257643,1.3712873359650657,1.428798955813319,1.457925593367904,1.5097923436648473,1.5229357754770743,1.531796036978166,1.556796036978166,1.5766431985502183,1.5920143775895197,1.611621364489083,1.6154641592489085,1.634101600176856,1.6526168840196507,1.6949531285611354,1.6949531285611354,1.7166125172074236,1.742924851062227,1.8457795524945415,1.8912125012958516,1.9012780034792578,1.9287309621713975,1.9287309621713975,1.949698574170306,1.9523841636899566,1.9617728099781662,2.01352223754476,2.090379628889738,2.1314166871015283,2.1602896414803494,2.1602896414803494,2.193517203622271,2.2153649872532752,2.285233982886463,2.285233982886463,2.2913693540655027,2.2913693540655027,2.313683764545852,2.313683764545852,2.3695141697882103,2.3695141697882103,,,,
2017-01-06,491,11.196601388117106,0.15351583295315682,0.3119975024694501,0.4879241827138493,0.5280681243778004,0.8005498553380855,0.9008553543197556,0.9783509275071283,1.0414362792250509,1.2398801468156821,1.324199212793279,1.6805020977016292,2.163201055910387,2.1812957267973525,2.3545521095101836,2.386666143395112,2.4064869513798373,2.5601637349572304,2.5890372774012222,2.6941473668890024,2.782281424076375,2.8030283771843183,2.8710873419653775,2.8710873419653775,3.0890557278360498,3.0920576223686362,3.3991851924185346,3.636713271687374,3.672721418326885,4.3536644940030556,5.513621925450102,5.601430092875764,5.605910744606924,5.732217238514257,5.805180454203666,5.950121273155804,6.696980436778004,6.717035308831975,7.505389979852342,7.516438430265784,7.54571247245112,7.568353455895112,7.65916534562831,7.670701367070265,7.684970696801426,7.7132904755611005,7.9352502370702656,8.022232034648678,8.027372291989819,8.08964897733605,8.112846533344197,8.200548777172099,8.250734101858454,8.488277583263748,8.577323328004073,8.99553026925662,8.99553026925662,9.387189214246437,9.90739499326884,10.278452758034623,10.36181997799389,10.39259744556721,10.41439764205499,10.429225001159878,10.47499240443279,10.47499240443279,10.601203903637474,10.711450821013237,10.723191525958248,10.731420510162932,10.755891819614053,10.792938662791242,10.887258255253563,10.89247542731059,10.915672983318736,10.915672983318736,10.947762668942971,10.997895162426678,11.019239357946025,11.036639820269855,11.12381657261405,11.143327774243378,11.156953028825862,11.176623381332991,11.196601388117106,11.196601388117106,,,,,
2017-01-07,496,6.167314675704637,0.058512036664314516,0.07104890306149193,0.08491840261391129,0.13356457046875,0.2274267744606855,0.35816640404737904,0.4768685010685484,0.6738846301008065,0.7436628559072581,0.8359655492046372,0.8659220917711694,0.9046873729627016,0.9768326395262097,1.0708694268901209,1.294837124190524,1.5336274467711692,1.563929866126008,1.5797997939989918,1.634322531002016,1.663737853582661,1.680713660034274,1.742839226393145,1.742839226393145,1.8182203754395159,1.857138747239919,1.8654855214334674,1.9411234305937497,1.983008522111895,2.1840491622772173,2.224633839696572,2.3427987381814512,2.368640419004032,2.381946870616935,2.4633723425302416,2.4746626651108867,2.5427204751683465,2.5894255885715722,2.6862502472489918,2.7522233309334676,2.8162575834647177,2.8858367509032257,2.97851680759375,3.1611664800090726,3.1843318025897176,3.3392837825514112,3.391266049363911,3.537609206805443,3.566157593902217,3.61924407097883,3.639105321746975,3.6581174185211687,3.778903708843749,3.862150694968749,3.9289791732570554,3.9954164965252006,4.138752181636088,4.189844878208668,4.219938285466733,4.4386196715554425,4.443055155426411,4.522959943139112,4.685742201203628,4.938244118498991,5.035119829236894,5.035119829236894,5.042760958269152,5.078788871234878,5.128718562225806,5.29540959345766,5.418342968984878,5.484633291565523,5.563328716799394,5.5939335555090715,5.6490090169919345,5.773536299861894,5.880336506431451,5.899000307712702,5.947730146422379,5.947730146422379,5.988697888357863,6.036982381012097,6.036982381012097,6.167314675704637,6.167314675704637,,,,,,
2017-01-08,381,2.5949339024199474,0.031072378635170605,0.07006133846587927,0.09801409437139108,0.17805294029658794,0.1832669570551181,0.22977338148293963,0.27952805040944884,0.2834913050026247,0.30366436042388456,0.343393014624672,0.343393014624672,0.343393014624672,0.343393014624672,0.34746125609448825,0.34746125609448825,0.3699072466863518,0.4187998839986877,0.4579366422086615,0.47128003816666675,0.5374700779724411,0.5730343824343833,0.5730343824343833,0.668927388804462,0.7446572104146982,0.7481480240629922,0.7728250785131234,0.7955997774094489,0.8436611182519685,0.8928414658661418,0.9480767405511812,0.9894061967073492,1.037207312405512,1.105473893393701,1.1419305863070868,1.1664182320236223,1.1937867772362207,1.1937867772362207,1.1937867772362207,1.2030254788963257,1.2089547948871393,1.226207599737533,1.268415817393701,1.2954971366614176,1.340589000178478,1.3459881404737535,1.3510182266509188,1.4104004669790027,1.4104004669790027,1.456017264879265,1.4766996795774279,1.5056539833188978,1.539405303889764,1.585687460085302,1.585687460085302,1.621229123851706,1.642933126476378,1.6723993272637796,1.7555532905183728,1.7737773187860895,1.8640703108792653,1.8863275287270345,1.8907250004330711,1.9789081560564308,2.0313608858490815,2.0313608858490815,2.0593009931194226,2.0593009931194226,2.07560916560105,2.1174606276128607,2.1450984228884513,2.1660433047782153,2.223518136174541,2.251313411765092,2.307690272855643,2.453970786129921,2.4756811632834643,2.477649667220472,2.4969147590839893,2.502295336511811,2.5274659401863517,2.581548075648294,2.5949339024199474,2.5949339024199474,,,,,,,
2017-01-09,427,5.1357230360948485,0.07364480092505855,0.07604466589227167,0.18662785286651054,0.21592084250351287,0.31225448052224825,0.31225448052224825,0.3787884383676815,0.3787884383676815,0.4569973106873536,0.5533412443700234,0.6437823040199063,0.6509126578735362,0.7259777322142856,0.752866106262295,0.7747630617658079,0.8019629381498828,0.8298083714051522,0.8417287461124121,0.87100444679274,0.8767889901182669,0.8835571400011709,0.9041191034812646,0.9041191034812646,0.9041191034812646,0.9314727334578453,1.4469188585409836,1.4835009731206088,1.6003208176697892,1.7501561415093676,1.8650095866241216,1.9011219988021075,2.0720917454508196,2.089150086822014,2.1854264334262297,2.220016597360656,2.286527136002342,2.365451074699063,2.4983913500222483,2.5645037532798596,2.694895120886417,2.728801380208431,2.7543794999320848,2.7858988291428575,2.936496409549181,3.0197978361662767,3.164158446747073,3.295895457988291,3.3150308408009375,3.3738930561850125,3.432269135281031,3.524538417166277,3.560838048925059,3.6117585986381737,3.87047875138993,3.915294512514052,3.9571332537318504,3.9752635816007027,4.011024705722482,4.015526554793911,4.061797033968384,4.141130139782201,4.240900845016394,4.32614432835363,4.399479589161593,4.415147036468384,4.511767960651054,4.633211116771663,4.7466401251943795,4.852679264153396,4.9346570232435605,4.9346570232435605,4.956847622297425,4.963569774488292,4.963569774488292,5.029262605323186,5.054285759658081,5.054285759658081,5.088326392989463,5.116979785578455,5.116979785578455,5.1357230360948485,5.1357230360948485,,,,,,,,
2017-01-10,429,9.65056684513287,0.09958150098368299,0.33625398916550114,0.3815937834545454,0.6392945121410256,0.6596674725139859,0.740964383051282,1.0282575904428903,1.1588714350128204,1.4679390340804195,1.8273188119720278,2.0650320684417247,2.1415539292156174,2.2021953757179484,2.323404345789044,2.49618631093007,2.598729493132867,2.7188009422843824,2.8416245819685315,2.9261215432599066,2.965441974806527,3.020808096800699,3.3789840832062934,3.4802638571678317,3.6568236763275053,3.7933960672878784,4.130754819048951,4.201612988405595,4.202895039687646,4.3055671529219115,4.357552774428904,4.547311726319347,4.564205816011655,4.819851084101399,4.851397102855478,4.887667432311189,5.277546947078089,5.286364261343823,5.346110546645687,5.366196669165501,5.5268333870069934,5.579042779532634,5.682108989648019,5.749684747223776,5.820428875664336,5.941870063659675,6.279499117738928,6.29159701983683,6.582340249797204,6.712429736553614,6.809811854189977,6.8654585042272736,6.897135722923077,7.35096447567366,7.4118080071421915,7.4510143008484855,7.4510143008484855,7.5716321046713295,7.581279423815852,7.777045328236598,7.824383373434733,7.916154935206295,8.052171826400935,8.052171826400935,8.122987677216786,8.172799874002333,8.419766619150352,8.540638040466202,8.546348996177159,8.546348996177159,8.622345111043126,8.746707986100235,8.748075230907927,8.808462635888114,8.908003596953382,9.3471864841352,9.366602570407927,9.369098211317018,9.4173706776014,9.48168364565618,9.65056684513287,9.65056684513287,,,,,,,,,
2017-01-11,312,2.2338749626394234,0.05153767695352564,0.05731607525480769,0.12116897568910256,0.23834846286858974,0.2938363721650641,0.37685693289262817,0.3908953944310897,0.4674338559695513,0.48855565084134617,0.5408312918669872,0.6849421329439103,0.7366729021746795,0.7366729021746795,0.7519130703012821,0.7519130703012821,0.7519130703012821,0.778836147224359,0.778836147224359,0.7951157214086538,0.7988016188445513,0.8091463835,0.9350858985512821,1.047991667073718,1.0615814106634616,1.1584324172115386,1.2442792804983975,1.2442792804983975,1.2509779984471154,1.2985118461089744,1.3131013939775642,1.3199283170544873,1.3359539580801283,1.3359539580801283,1.3548633236426282,1.3876702789935897,1.3876702789935897,1.4604587405320513,1.493088422625,1.4948512431378207,1.500780730317308,1.5492422687788465,1.5492422687788465,1.5492422687788465,1.5492422687788465,1.5492422687788465,1.5492422687788465,1.5492422687788465,1.5689217559583337,1.6096142614807696,1.616523979982372,1.616523979982372,1.630641800783654,1.6565261517451926,1.6565261517451926,1.7308306469375003,1.7308306469375003,1.7456107561217953,1.7456107561217953,1.7456107561217953,1.7641143020288466,1.8410053276698721,1.8410053276698721,1.8721912251057695,1.8721912251057695,1.8721912251057695,1.9102681481826926,1.9422873789519235,1.9500117379262825,1.9500117379262825,1.9500117379262825,1.9500117379262825,1.9500117379262825,1.9500117379262825,1.9767088565512825,1.9767088565512825,2.0885223985368593,2.0885223985368593,2.2338749626394234,2.2338749626394234,2.2338749626394234,,,,,,,,,,
2017-01-12,326,3.975562434639571,0.021042944785276074,0.11634046346932515,0.20124843892944785,0.2296226720582822,0.26352816012116564,0.29879888470858895,0.3225866350766871,0.37535766779907975,0.3980684890843558,0.3980684890843558,0.4227766360184049,0.4227766360184049,0.4517975686365031,0.4517975686365031,0.5197575883006136,0.5197575883006136,0.5489907171349694,0.5786839686687117,0.5786839686687117,0.6388656332131902,0.6388656332131902,0.6491110319861964,0.7192906606625767,0.8047507833619633,0.8047507833619633,0.8354759848358897,0.8431528325582823,0.8431528325582823,0.9171242756595093,0.9171242756595093,0.9382592449846626,0.9382592449846626,0.9815428768650307,0.9815428768650307,0.9815428768650307,1.0069416498711656,1.0165735517116565,1.0464201774785278,1.0526013619555217,1.1133068834279143,1.136411330983129,1.326651485625767,1.4078171297975461,1.4956392156871168,1.5517128353190186,1.6742348474800615,1.71279706351227,1.9104121395107363,2.0434182744800613,2.2369482277009203,2.314499667470859,2.4463700815812888,2.5385375355690187,2.7272592533604296,2.77566416133589,2.830344596018405,2.8610121832898776,2.981051320196319,3.2657461742776075,3.2657461742776075,3.2861999662500003,3.2861999662500003,3.3029880393496938,3.3596936459171785,3.3836200262852767,3.3927874191073624,3.4503687251380373,3.4503687251380373,3.4503687251380373,3.4503687251380373,3.4503687251380373,3.472682549050614,3.498955676657976,3.511041566228528,3.684148635751534,3.684148635751534,3.968204086426381,3.975562434639571,3.975562434639571,,,,,,,,,,,
2017-01-13,360,5.016186427473612,0.16902516398333334,0.22413627509444445,0.23035849731666666,0.3529565505694444,0.5182343283472222,0.5718732172361111,0.6174565505694444,0.6599009950138888,0.8830352420416665,0.9556679466749999,0.9983623911194444,1.0532512800083333,1.1144735022305556,1.1618068355638889,1.2829205525180556,1.322295229852778,1.3680174520750001,1.3817946422916667,1.465418893225,1.470733237975,1.730233237975,2.074503880511111,2.074503880511111,2.1086983249555558,2.111670547177778,2.130849663838889,2.1572599815625004,2.4276897259250005,2.459134170369445,2.4997212477458337,2.535193469968056,2.550555497184723,2.5642777194069453,2.5896119859791673,2.5896119859791673,2.591945319312501,2.591945319312501,2.6935058927069453,2.703255892706945,2.8032803461916673,2.8032803461916673,2.8541843031500007,2.912406525372223,2.995699437581945,2.998338326470834,3.288060548693056,3.325532770915278,3.4550722972500005,3.469377852805556,3.5839334083611116,3.5844889639166673,3.6565722972500008,3.81821118613889,3.81821118613889,3.857999361300001,3.96363825018889,4.082332694633335,4.113527139077779,4.192443805744445,4.192443805744445,4.192443805744445,4.367054916855556,4.400027139077778,4.400027139077778,4.400027139077778,4.536677647584723,4.686010980918057,4.686010980918057,4.775547538584723,4.814408649695834,4.930103094140279,4.953436427473612,4.990130871918057,4.990130871918057,4.998019760806946,4.998019760806946,5.016186427473612,5.016186427473612,,,,,,,,,,,,
2017-01-14,426,13.539083492542254,0.02592559802112676,0.1442758267746479,0.2246535944730047,0.3411671326338028,0.4876342498309859,0.6197327275328638,0.7482975670492957,0.9454882515082159,1.1250093478051644,1.2453987800492958,1.4090577198849765,1.5694360040234743,1.6009383514413147,1.6972503940387325,2.041014533339202,2.26242630035446,2.38003355517723,2.5818348225504693,2.595634369146713,2.7638316714037554,2.979858166872065,3.341595556259389,3.645708926973004,3.8742401762124405,4.152367567806337,4.271797706519952,4.466997754488262,4.524916883198356,4.597927739415493,4.683321778406103,4.752914549496479,4.91194583769601,4.955100879279343,5.089625822799296,5.197088407754695,5.475577950238263,5.585793973998826,5.650039362840376,5.72086738160446,5.788153096498826,5.938715527461268,6.222764037684272,6.442048267856808,6.545795373688967,6.981821845700704,7.229394547421362,7.428780702984742,7.609057905002348,7.860657151856808,8.07741997462676,8.271932938241784,8.376466611950704,8.560885915575117,8.717252981828638,9.04958318900352,9.154069483173709,9.42893365411737,9.62933160266784,9.738795806552817,10.004317689862676,10.187917228057511,10.420121012661971,11.055381987075117,11.397464151928403,11.555967593179577,11.70537483198709,11.891514253278169,12.101713558549296,12.263321610812207,12.4339283969331,12.548773584508217,12.721294751879109,12.844425345076292,13.066783284467137,13.246762925021127,13.539083492542254,13.539083492542254,,,,,,,,,,,,,
2017-01-15,377,10.872761715533159,0.11075341409151193,0.1988499465331565,0.36172614683819626,0.578496348770557,0.7442160094535809,0.8458171957281168,0.9668690884469496,1.1182684902771884,1.2327813311326261,1.3061208002665783,1.362119370055703,1.5477629067586207,1.5892919028222812,1.7521845832877985,1.9275161482745358,2.082374700112732,2.287583186246684,2.3539264746379307,2.467832542644562,2.8395723805172413,3.0094928049204244,3.414431491351459,3.5936743834854115,3.659915729767905,4.151711421208224,4.320708689405836,4.819345390017242,4.917438037194961,4.988834124413794,5.10756045753581,5.2181174867135285,5.605696908834219,5.689494125669762,5.825156504836871,6.015834476336871,6.180180735527853,6.529235326555704,6.554978320912468,6.763317692428384,6.997358002759949,7.204006838078251,7.326594733782495,7.3884571702281185,7.611684870746686,7.880040308412468,7.947384244899205,8.000991671954909,8.11796383471353,8.599689968665784,8.703782528347482,8.723649902352786,8.791202225416447,8.814999642086208,8.842885104037137,9.105014538490718,9.174563610108754,9.324116825255969,9.343161918094165,9.700691408496022,9.733768331572945,9.92968025146817,10.004493487579577,10.08361815601459,10.164831855090187,10.288212940377985,10.36994307875597,10.428190870705572,10.462620578928384,10.553909210625996,10.57217598748276,10.644560369320956,10.682199626615386,10.737781369190984,10.78100256123475,10.872761715533159,10.872761715533159,,,,,,,,,,,,,,
2017-01-16,371,7.544955652648249,0.3768785289568733,0.7301227669514825,1.4305677097048517,1.5508074988355796,1.7236879643396228,1.7953548590862536,1.8206932263652293,1.8271041977601081,2.02319584196496,2.0401439487345017,2.1221484395902968,2.2752705900309977,2.2973277592964965,2.3294432346563347,2.491748188415095,2.491748188415095,2.5989719080916447,2.7844975145606474,2.9547902926334237,3.057485710423181,3.158860373495957,3.364952017700809,3.364952017700809,3.490639349237197,3.591906195598383,3.6618253330646904,3.6618253330646904,3.8352278850970354,3.9668720899487875,3.9857328121805935,4.389397913625338,4.716313551871969,4.7257971393194085,4.766505259411053,4.783052470219679,4.854885354316714,4.854885354316714,5.053564599599733,5.1070147343706225,5.137827529330191,5.295645393145555,5.378456424433964,5.662176473780326,5.710154910438008,5.742313463000002,5.78134311259569,5.78134311259569,5.8260331395498675,5.8777582069353125,5.883822896962267,5.892178692110514,5.892178692110514,5.9856288268814035,6.242606634126687,6.276649760811322,6.306110677253371,6.325086418493263,6.3598033996253385,6.459612032839624,6.582072495832886,6.6924768085013495,6.7839827587587616,6.795680871966309,6.866597314014826,6.928025885443398,6.960236128030998,6.960236128030998,7.11255418733019,7.116381680591646,7.238985563148249,7.271478563699462,7.376518994966308,7.43061603000674,7.544955652648249,7.544955652648249,,,,,,,,,,,,,,,
2017-01-17,356,10.280402410053373,0.09719974265168539,0.2815245092191011,0.3432379923651685,0.39587807675,0.4377039194466292,0.8711209089087079,0.962441133627809,1.2563305070983146,1.3557125295702248,1.700089862905899,2.056098926139045,2.2188569452780897,2.261049028002809,2.4244545110898876,2.5911960841235957,2.6895668706404496,2.854398552314607,3.153643574842697,3.322154810797753,3.4237559343932586,3.6914196493834273,4.0181612224171355,4.252515155001405,4.484470523162922,4.667110972601124,4.73892568947472,4.887153565507023,5.008445700338484,5.466706434189608,5.713813175762642,6.118419917335675,6.271060366773877,6.5788174675744395,6.70446353499017,7.023789377686799,7.062497242855338,7.341261287799158,7.561126796830057,7.622776556984551,7.647946688853933,7.723255677617978,7.854379534303371,8.003789646662922,8.042652253588484,8.452258995161518,8.660686839445226,8.696754255175563,8.861136277647473,8.935967738321631,8.953074479894665,9.04838346865871,9.097287963040731,9.351754255175562,9.497962120344102,9.552549508240169,9.570218047566012,9.605302317228933,9.616650631835675,9.737380968914326,9.774515800375001,9.91136973295927,9.928476474532305,9.954965238577248,10.031706811610956,10.065470856554777,10.082998946442418,10.171526005558992,10.1757675785927,10.181104657244385,10.197368702188205,10.200599039266857,10.243351848255621,10.280402410053373,10.280402410053373,,,,,,,,,,,,,,,,
2017-01-18,365,9.805005824035618,0.05772602739726027,0.1427119827890411,0.2673813700520548,0.5576827399150686,0.729037762980822,1.1377337728589043,1.3351279862945207,1.5309779683424658,1.705815286960274,1.7200618623027397,1.9820299441972602,2.0599348375876714,2.1200170293684932,2.2837293996068495,2.3721458654794523,2.5231334709054796,2.7867621110671235,2.862645776673973,2.9768649547561647,3.344679477232877,3.397610984082192,3.4774833510232876,3.6167668276342466,3.7647705141438355,4.039865685419178,4.104259011757534,4.422622193993151,4.454489534930137,4.6244319317698634,4.752436726267124,5.0243239572863025,5.148144044761645,5.353614443184933,5.537526405142467,5.807931369554796,5.927432345698631,6.121325553626028,6.397893271406851,6.518994536189043,6.568325557121919,6.676398792250686,6.752891942935618,6.853669336936988,7.084984405430139,7.263506207827399,7.407298043443838,7.46658726262192,7.53273323522466,7.588014905830139,7.702158375202742,7.716925498490413,8.102163069190413,8.161478137683563,8.241823006384934,8.365086136538359,8.440730750663016,8.571336358953427,8.729702667858907,9.14207584452329,9.322665895361647,9.3606111008411,9.3606111008411,9.386172744676715,9.386172744676715,9.53988867322877,9.547313330763016,9.577285933502742,9.633832705902742,9.643312157957537,9.665586130560277,9.760868837734249,9.805005824035618,9.805005824035618,,,,,,,,,,,,,,,,,
2017-01-19,390,7.343661366841642,0.060794871794871794,0.09733062146538461,0.19014363928205127,0.19014363928205127,0.23801543415384616,0.38298979312820514,0.39995916797051284,0.45062583463717953,0.4638898752692308,0.48465182834102566,0.5309318979448718,0.5309318979448718,0.6111903440397436,0.6338921346897436,0.8229012766487179,0.9810432932589743,1.2298778968423076,1.3393645185820513,1.3712308187282052,1.4713465869051283,1.5848594074179487,1.6321498413615385,1.819172755498718,1.9331021741371797,2.0535637125987183,2.0875217069358976,2.0997891879692308,2.4307817762410258,2.4307817762410258,2.4669211046410258,2.493671537573077,2.6018820805717953,2.7026493600038464,3.518516387094872,3.531598857614103,3.557099029088462,3.72707058079359,3.7678950011576924,3.8822283344910256,4.210941485797436,4.480832941079488,4.531263103297436,4.656775923810257,4.813125298617949,4.813125298617949,4.839099657592309,5.228330426823078,5.252553941133335,5.270477018056411,5.513861633441026,5.697453335526924,5.736259720273078,5.831589556308976,6.111784534074361,6.111784534074361,6.132784534074361,6.2871743023833355,6.33053327674231,6.6511587000064125,6.662671520519233,6.732363828211541,6.760004853852566,6.90205524686154,6.967080887887181,6.996388580194873,7.080782696955129,7.135258679994206,7.140392213344207,7.255776828728822,7.335606215757027,7.343661366841642,7.343661366841642,,,,,,,,,,,,,,,,,,
2017-01-20,326,4.91070040450767,0.1005541781119632,0.10530877933895706,0.27024742964570553,0.40606724602607364,0.5098204755122699,0.5509408324539877,0.7135788692638037,0.808192697113497,0.8459470005276074,0.9817208311748467,1.0390214446717791,1.0524877023404908,1.0797269661441717,1.3759820648466257,1.550898012107362,1.6605912636411042,1.8038369205076685,1.9107490885996932,2.066581188588957,2.2075627836809817,2.2608756671165646,2.2753848695705523,2.33881238982362,2.3587203652837427,2.3587203652837427,2.5245289990214728,2.5560627413527612,2.5689155020889576,2.59198726114724,2.6058706545536814,2.6781960353220864,2.9389814765812887,3.025913991918712,3.0466031445429453,3.1291834886840495,3.1419877396196325,3.2112208684539882,3.24967260084816,3.326017754906442,3.326017754906442,3.4030186735920247,3.4126458479785278,3.49581783998773,3.49581783998773,3.503885324650307,3.5989497341595094,3.5989497341595094,3.6517200992760737,3.6517200992760737,3.7647221387883434,3.8063785805061348,3.8063785805061348,3.9430656970705518,3.9430656970705518,3.9635494568773004,4.223518782030674,4.365850070374233,4.373641481417177,4.380543321907975,4.455113874055215,4.455113874055215,4.463365407797546,4.527180168078221,4.577578941084356,4.64190409445859,4.812804807450921,4.828878427082823,4.874295577895706,4.8850010993680995,4.91070040450767,4.91070040450767,,,,,,,,,,,,,,,,,,,
2017-01-21,368,10.835150270551633,0.22025525430163043,0.34717142073913043,0.35570402943478263,0.48832367845380437,0.5425120446059782,0.5643514884388586,0.5809935747798912,0.5998522704320651,0.929389802875,1.039019242357337,1.1299159814877717,1.4488260493288043,1.6702670348763586,2.1611764936630435,2.5670844440108698,2.746034109097826,2.927177108764946,3.024921673982337,3.053286511705163,3.4314119172078805,3.741781639661685,4.5825480258383156,4.725942369300272,4.756589781623641,5.071210291653532,5.1354452773899455,5.403532898112772,5.428614419851902,5.866500279608696,5.895973049339674,6.059314375039403,6.077173295578805,6.168803730361414,6.226028075728261,6.370831758201088,6.528748616891305,6.528748616891305,6.641989516599186,6.843557502873643,7.27359223869973,7.637904812283969,7.786145935490491,7.8678582452731,7.891480324077447,7.920665188207882,7.97042062299049,7.994374509581522,8.033405927993208,8.149955269714676,9.332663757290764,9.542453423270382,9.574436187849187,9.71892606530435,10.033278981896741,10.054778484953806,10.167908528509512,10.195694340985057,10.250123688811144,10.257868254028535,10.257868254028535,10.260585645332883,10.35240064978397,10.55193520109647,10.655761602865491,10.685326820256796,10.685326820256796,10.767029825986416,10.767029825986416,10.835150270551633,10.835150270551633,,,,,,,,,,,,,,,,,,,,
2017-01-22,418,6.741090636233252,0.018660287081339714,0.15684894748086126,0.29819780526076556,0.47492405418899525,0.5427151749102871,0.5570213715562201,0.7316497271770335,0.8024436922165071,0.9235489409964114,1.0720857745454544,1.1673665926208132,1.402887761674641,1.4651089686519136,1.5785458015466505,1.7017766646447365,1.731366529246411,1.7813357667775116,1.8798125022057413,1.9868530453086122,2.05206661861244,2.182799797155502,2.2595775257822965,2.308189965973684,2.32120432004067,2.4838162558421053,2.6327519540514355,2.8247179191746414,2.8530432208744023,2.8950049433624407,2.9910031049174646,3.123969612094498,3.1867256385813403,3.232434399239235,3.268135779059809,3.353384624594498,3.410803206471292,3.534773291041866,3.7282518393086126,3.848132108907895,3.9774246002882774,4.042260329020335,4.1824045936495216,4.254924647477273,4.351166932166268,4.410335850813397,4.499877167594498,4.52214393648445,4.781738775229665,4.887160386162679,4.918308711521531,4.989667853051436,4.992060197549043,5.1991292801614835,5.317980954802632,5.325727554438996,5.458319625367225,5.57005840066866,5.776521145991627,5.812868832583732,5.9156560262224875,6.090895019632774,6.180577421187798,6.410200675572965,6.545444470836123,6.555792186142343,6.586547265220094,6.631822577535884,6.741090636233252,6.741090636233252,,,,,,,,,,,,,,,,,,,,,
2017-01-23,365,7.469830205261641,0.0976986301369863,0.30952734876986304,0.5392807734273973,1.2600352440041096,1.676766258860274,1.6832046150246576,1.8225594160945207,2.2805485344246574,2.488871332190411,3.101312009205479,3.6484821774671228,3.6958562900780816,3.6958562900780816,3.69743316989452,3.764599434621917,3.8276216333068485,3.846909304539725,3.935020189102739,3.935020189102739,3.95592429869178,3.9996406511054787,4.051893881641095,4.085784292599999,4.213610342412328,4.219500753371232,4.219500753371232,4.310158287617807,4.310158287617807,4.428483053960273,4.50535976628904,4.606940486142465,4.662611719019177,4.714185101498629,4.775719348073971,4.846376882320547,5.031356451554793,5.147192067993149,5.2746112961835605,5.341500213049314,5.3656135582684925,5.464972887035616,5.655042996624657,5.655042996624657,5.759212772613698,5.94102099179178,5.945678526038356,5.998884005490411,6.226610565480822,6.3809119353438355,6.4703091956178085,6.4703091956178085,6.5761847144958905,6.6507778880027395,6.868823883935616,6.9496303454726025,7.107417313376712,7.126978957212328,7.146828972501369,7.176637191679451,7.240366275310958,7.309023809557533,7.337564164115067,7.337564164115067,7.348084712060272,7.362221698361642,7.419362924999998,7.469830205261641,7.469830205261641,,,,,,,,,,,,,,,,,,,,,,
2017-01-24,381,3.9699951493661403,0.027821443389763778,0.04629913367847769,0.05934375310104987,0.08522817947769029,0.15340528397244094,0.1815680136312336,0.36944202937926507,0.39043940470734906,0.4641206000367454,0.691784642031496,1.0718371354698162,1.533831886125984,1.6134119386194223,1.6151967155223095,1.705826636782152,1.833595665653543,1.9448292614540679,2.0280313611916005,2.0779788677532802,2.1747724506692907,2.1937750753412066,2.4929614270472435,2.5256910858398944,2.7464784874146977,2.7602317682545925,2.762255394737532,2.7672685180971124,2.785614974790026,2.8008118251837266,2.823433469576115,2.8733022359803146,2.892619821282152,2.9580266454291335,3.035926907896325,3.145428220232283,3.300703810783464,3.375008272725721,3.375008272725721,3.4526723147204716,3.4686565666889755,3.5861631283687654,3.5861631283687654,3.5861631283687654,3.6046408186574794,3.673066015507873,3.6925935745629914,3.726005648053805,3.726005648053805,3.740283863276902,3.740283863276902,3.740283863276902,3.7473442307309703,3.7473442307309703,3.7473442307309703,3.7473442307309703,3.809207747791338,3.8117011861115477,3.8183940994973744,3.9159794013346447,3.9159794013346447,3.9159794013346447,3.942593574562991,3.9598901624895,3.9598901624895,3.9664518422795263,3.9699951493661403,3.9699951493661403,,,,,,,,,,,,,,,,,,,,,,,
2017-01-25,328,7.567416625899392,0.006310975609756098,0.046646341463414634,0.04871951219512195,0.16420731707317074,0.40987804878048784,0.4331655645121952,0.45218995475609763,0.4576777596341464,0.879551210105183,0.9090634052271342,1.2226914540076221,1.6855893732408538,2.413851568362805,2.4885466903140245,2.4935162025091464,2.58190034885061,2.600273594917683,2.6462492046737807,3.2037492046737808,3.2037492046737808,3.4186577412591466,3.4278040827225613,4.04938944857622,4.04938944857622,4.286523594917684,4.3154565217469525,4.388596765649392,4.412621155893294,4.434541887600611,4.439724814429879,4.471249204673781,4.471249204673781,4.710517497356708,4.79127969247866,4.920883351015245,4.981858960771342,4.981858960771342,5.170852863210367,5.3659443266250015,5.3659443266250015,5.377499204673782,5.423810180283538,5.423810180283538,5.439176033942075,6.037285790039635,6.123769726955794,6.123769726955794,6.125294117199696,6.180172165980184,6.240330558382623,6.785300070577745,6.873544674679879,6.873544674679879,7.07180686980183,7.120038577118903,7.120038577118903,7.210922723460366,7.342508089314025,7.395160528338415,7.47384955272866,7.47384955272866,7.477965406387196,7.50540443077744,7.515953211265245,7.567416625899392,7.567416625899392,,,,,,,,,,,,,,,,,,,,,,,,
2017-01-26,354,4.255927589707628,0.04516504663135593,0.1484136342019774,0.1614751651977401,0.18317008045197739,0.34843703635734463,0.377010107259887,0.4063603897457627,0.4477728191242938,0.5652304462429378,0.7219255708206215,0.8285964475960452,0.8319084231468927,0.9000157677796611,1.0741683101525423,1.2310872800282486,1.375194739002825,1.405246990460452,1.5554928442740115,1.715795493374294,1.8615680842697744,1.8721330560211868,1.9145341859646896,1.94137034415678,1.9733477452867234,1.9733477452867234,1.9950426605409608,2.136456192718927,2.170043763340396,2.205410994978814,2.28476127746469,2.378829074074859,2.441682181419492,2.592218904583334,2.7350155147528254,2.8022495879039555,2.9113738816892663,2.9113738816892663,2.9488880059830516,2.9488880059830516,2.9651026952485884,2.9910348986384188,3.0398484579604528,3.0743964805593227,3.1327988920098875,3.1327988920098875,3.204013581275424,3.213957084100283,3.213957084100283,3.363647231392656,3.4568958189632775,3.500290002942091,3.5407984775183623,3.5476063871228822,3.578764579213278,3.578764579213278,3.6037388119124305,3.6498148940338995,3.7042781708700576,3.720803594598871,3.755125628497176,4.024980735915255,4.1176556986002835,4.182937083504238,4.255927589707628,4.255927589707628,,,,,,,,,,,,,,,,,,,,,,,,,
2017-01-27,350,3.5528171591885718,0.02378060945,0.08448079405285715,0.13019507976714287,0.18926460616285715,0.22375603735857144,0.2970591239185714,0.39173470402285715,0.5419493365857143,0.6671985639885715,0.7202842782742858,0.7891706925885714,0.8024083063671429,0.8164573399457143,0.8745227563185715,0.8803656132285714,0.8846513275142858,0.8918227560857144,0.8918227560857144,0.9077941846571429,0.9506446231671429,1.0952615299842858,1.118677472787143,1.2606490545614286,1.2837261629628571,1.3608623522071428,1.4938110201628572,1.5481824487342857,1.6015283506342857,1.6872038874342856,1.6872038874342856,1.7361663029214285,1.7617619680599998,1.8856708679042855,1.8856708679042855,1.9713280107614284,2.13965635319,2.157342067475714,2.2423751889042856,2.274489474618571,2.387717418278571,2.467374561135714,2.5387027537671423,2.6592109279385707,2.779940037964285,2.811597180821428,2.872914458581428,2.879971601438571,2.884058957674285,2.9584739029328566,3.0459014999228566,3.090587214208571,3.1259450446385713,3.181259330352857,3.26030781994,3.299964500547143,3.3055359291185717,3.3367435860000003,3.433882267401429,3.475881550868572,3.479705229261429,3.501219514975715,3.5528171591885718,3.5528171591885718,3.5528171591885718,,,,,,,,,,,,,,,,,,,,,,,,,,
2017-01-28,343,5.887512102695336,0.06841327518804664,0.13224397552478134,0.13478097472303208,0.33015222595189503,0.35656622012099126,0.5146586020758017,0.821329504419825,0.9014607781545189,1.2403006917186588,1.2987682414169095,1.3315241995539358,1.3315241995539358,1.412898077080175,1.4429557051516035,1.4657545389708455,1.607655077266764,1.607655077266764,1.6252644067128281,1.7557938620174929,1.8941028999183676,1.963071960985423,2.037700015346939,2.0878494507332364,2.263498455240525,2.3634226295422742,2.368307748842566,2.444662798113703,2.493690296947522,2.605089713857143,2.8543418184402336,2.9613972120262395,3.041163975874636,3.2389032181137027,3.281439661262391,3.3714105067434406,3.3978775329825077,3.4364781160728866,3.4932711189883383,3.5919790572113706,3.612212293362974,3.681195411325073,3.802653137272595,3.8758892888760936,3.9251453677128283,4.013239798078717,4.052368287234694,4.158656323744898,4.394337686653062,4.561196567470846,4.76335409086589,4.837610650632653,4.895278289116618,4.95706038309621,5.226437324989796,5.259713032755102,5.405129571874636,5.53971417770554,5.699664916549564,5.755783986631196,5.797853957476677,5.87310977033382,5.887512102695336,5.887512102695336,,,,,,,,,,,,,,,,,,,,,,,,,,,
2017-01-29,344,4.252085845046512,0.03704797206540698,0.0666881118125,0.0666881118125,0.0666881118125,0.07897844321366279,0.09092188637645349,0.20454519472093022,0.3556789156511628,0.3636418361497093,0.3636418361497093,0.381199975684593,0.4660546268473837,0.4798779035726744,0.5173488338052326,0.5173488338052326,0.5661554909534884,0.7131708471424418,0.7131708471424418,0.7306127076075581,0.9834324750494186,1.1318045680726743,1.636455730863372,1.7243045680726743,1.861455730863372,1.8800313122587207,1.925351079700581,1.9552929401656973,1.9942173587703484,2.066862707607558,2.094793074635174,2.2925837723095928,2.2925837723095928,2.2925837723095928,2.55020005137936,2.554421570274709,2.554421570274709,2.6954634743444763,2.6954634743444763,2.6954634743444763,2.8561420729520344,2.8834676543473834,3.0768242171395346,3.322550961325581,3.322550961325581,3.322550961325581,3.4201381706279066,3.4201381706279066,3.5770858450465113,3.7122311938837207,3.7122311938837207,3.8393532869069764,4.02941142644186,4.076155612488372,4.076155612488372,4.076155612488372,4.124062589232558,4.25048700783721,4.25048700783721,4.25048700783721,4.25048700783721,4.252085845046512,4.252085845046512,,,,,,,,,,,,,,,,,,,,,,,,,,,,
2017-01-30,318,1.0798874518427675,0.12004387948584906,0.23888362471069183,0.2998146298474843,0.30548859200314465,0.3420278286918239,0.3420278286918239,0.3441729435597484,0.35404562396855344,0.384894680572327,0.4175497647814465,0.4175497647814465,0.4864228190314465,0.4864228190314465,0.4864228190314465,0.49362407689308174,0.5367058378993711,0.5390643284654089,0.5547561523647799,0.5945989196603774,0.6661761888286164,0.6661761888286164,0.6693279436320755,0.6693279436320755,0.6693279436320755,0.6693279436320755,0.6770323461477987,0.782650062345912,0.8163037373946541,0.9155747828915095,0.9155747828915095,0.9155747828915095,0.9340339023883648,0.9583294869795598,0.9583294869795598,0.9583294869795598,0.9583294869795598,0.9630150215707547,0.9630150215707547,0.9630150215707547,0.9827396008805032,0.9827396008805032,0.9827396008805032,0.9827396008805032,0.9827396008805032,0.9827396008805032,0.9930233044811321,0.9930233044811321,0.9930233044811321,0.9930233044811321,0.9930233044811321,1.061050973855346,1.061050973855346,1.0742270744842768,1.0742270744842768,1.0742270744842768,1.0742270744842768,1.0742270744842768,1.0798874518427675,1.0798874518427675,1.0798874518427675,1.0798874518427675,,,,,,,,,,,,,,,,,,,,,,,,,,,,,
2017-01-31,275,3.5684486540981832,0.06416988324181819,0.09845223810181819,0.12939452992545455,0.4811108349436364,0.7140096126000001,0.7917975717872728,0.8295360291454547,0.832998658209091,1.002424156738182,1.1891245776454547,1.3355989014763638,1.4351641489654547,1.5039382710890912,1.668034772067273,1.668034772067273,1.6773958207127275,1.7108950031127275,1.7300097234236365,1.7344215769418183,1.8395004185618182,1.9263404861618183,2.0656340673654547,2.0656340673654547,2.081421177747273,2.1267850678018188,2.3256376150272735,2.3256376150272735,2.3717467059363644,2.3717467059363644,2.389868384161819,2.4016502023436375,2.4016502023436375,2.4067411114345467,2.4067411114345467,2.4067411114345467,2.451795656889092,2.484995656889092,2.5180502023436375,2.6037229296163646,2.6592984812472737,2.6640257539745464,2.6745348448836372,2.750353026701819,2.931378986669092,3.0075112015254555,3.1106137779800007,3.2504486540981827,3.285830472280001,3.2949213813709104,3.3270304722800015,3.3270304722800015,3.35081229046182,3.374775926825456,3.380775926825456,3.4572122904618197,3.465175926825456,3.4951395631890922,3.5579395631890924,3.5684486540981832,3.5684486540981832,,,,,,,,,,,,,,,,,,,,,,,,,,,,,,
2017-02-01,272,2.142835935027573,0.024963235294117647,0.1431985294117647,0.2707937305533088,0.31097755408272054,0.3857440738106617,0.5493158306746323,0.5493158306746323,0.6557496542040441,0.6771160570367647,0.6771160570367647,0.7347631158602941,0.792777821742647,0.8000204688014705,0.8059395864485293,0.8111969393897057,0.8326307629191175,0.8695057629191175,0.8695057629191175,0.884138115860294,0.884138115860294,0.950902821742647,0.950902821742647,0.950902821742647,0.950902821742647,0.9538439982132352,0.9600939982132352,0.9753841471176469,1.0682517941764704,1.0682517941764704,1.190583224711397,1.190583224711397,1.190583224711397,1.190583224711397,1.2357670482408087,1.2722376364761028,1.3110611658878675,1.3487182879687498,1.7071006409099263,1.8034609350275734,1.8307403467922794,1.8461447585569852,1.8461447585569852,1.8601153467922793,1.899784464439338,1.9659609350275733,1.9659609350275733,1.9659609350275733,1.9659609350275733,2.0028359350275733,2.0028359350275733,2.017725640909926,2.017725640909926,2.023975640909926,2.023975640909926,2.023975640909926,2.066990346792279,2.0787182879687496,2.142835935027573,2.142835935027573,,,,,,,,,,,,,,,,,,,,,,,,,,,,,,,
2017-02-02,355,16.9949591597831,0.005419134646478873,0.011193782533802817,0.01612335999859155,0.04279948703661972,0.10529485364225352,0.1269960748253521,0.16369584793943662,0.25838124144084507,0.3765175572464789,0.4523690762915493,0.6160885419676057,0.8775091223929578,1.0017755374352113,1.4059445515197184,1.7285642698295776,2.087522016308451,2.3859836424014085,2.6632512480352113,3.301335755077465,3.5511385719788735,3.5971385719788733,3.6875084960633804,3.8777256774859157,4.248204550725352,5.405489343909859,6.331038160377465,6.737770554743662,7.057150836433803,7.643722430338029,8.192708345830987,9.127412571183099,10.837908458507043,11.50751409230986,11.794655431904227,11.895556840354931,12.182956413666199,12.5065902164831,13.18406716004789,14.323381933277467,14.637756917815496,14.81522170654789,15.108185745642256,15.214918140008454,15.453002647050708,15.763763210430989,15.914161885114087,15.949063293564791,15.998161885114087,16.31500695553662,16.31500695553662,16.31500695553662,16.32469709638169,16.380528082297182,16.64520413863521,16.67064075835352,16.99206958560845,16.9949591597831,16.9949591597831,,,,,,,,,,,,,,,,,,,,,,,,,,,,,,,,
2017-02-03,395,2.2589620253164555,0.025721518987341773,0.03151898734177215,0.04058227848101266,0.05529113924050633,0.05529113924050633,0.29435443037974685,0.3588101265822785,0.38207594936708866,0.47703797468354436,0.5193164556962026,0.6681012658227848,0.8548101265822785,0.882253164556962,0.882253164556962,0.957746835443038,0.9853164556962025,1.004151898734177,1.0674177215189873,1.0674177215189873,1.0717215189873417,1.0717215189873417,1.0796708860759492,1.0796708860759492,1.0796708860759492,1.0796708860759492,1.1317468354430378,1.1317468354430378,1.2261012658227846,1.2261012658227846,1.2261012658227846,1.2261012658227846,1.2488860759493667,1.3958987341772149,1.4257215189873416,1.4257215189873416,1.5415696202531644,1.5415696202531644,1.5415696202531644,1.634405063291139,1.634405063291139,1.72053164556962,1.7971898734177212,1.8705822784810122,1.9604050632911387,2.1187341772151895,2.227139240506329,2.227139240506329,2.2589620253164555,2.2589620253164555,2.2589620253164555,2.2589620253164555,2.2589620253164555,2.2589620253164555,2.2589620253164555,2.2589620253164555,2.2589620253164555,2.2589620253164555,,,,,,,,,,,,,,,,,,,,,,,,,,,,,,,,,
2017-02-04,355,8.16714059020845,0.009352112676056339,0.21446696865070422,0.24443097547042253,0.5579490086633803,0.5625775398535211,0.5871409201352112,0.6685408312915493,0.6685408312915493,0.6685408312915493,0.7255625093507042,0.8121418920901409,0.8989529045788732,0.9068263919915492,0.9643340280507041,1.1009799112366196,1.2517123861211268,1.302174480433803,1.7120140364450704,1.8893914207422535,2.068200044869014,2.3623326241084506,2.5312290941394364,2.8484880460774646,3.2989933911084504,3.940915227307042,4.018440750111267,4.018440750111267,4.046056700435211,4.600020320153521,4.821714982125353,4.846160158181691,5.015846603277466,5.0641960395957755,5.135658500788733,5.1895792459323955,5.598990925160565,5.697379053581692,5.957283071978875,6.118951070698593,6.127862430839438,6.321534980508452,6.521973797160564,6.764618731776057,6.955332435223944,7.237863550453522,7.3647370545929585,7.555694812040846,7.576503047760564,7.576503047760564,7.89230930801831,7.991742179712676,8.016932261143662,8.038232970011268,8.165334606349296,8.16714059020845,8.16714059020845,,,,,,,,,,,,,,,,,,,,,,,,,,,,,,,,,,
2017-02-05,375,3.2565219157693335,0.005146666666666667,0.013786666666666666,0.013786666666666666,0.026479393187999998,0.026479393187999998,0.08188864832,0.14461790366933333,0.20825187656133334,0.20825187656133334,0.2503763528426667,0.35883275650933333,0.40166984781066667,0.45751496521333335,0.54455232886,0.5937297894093334,0.6355278276186668,0.6602267625013334,0.6602267625013334,0.7321377596213334,0.7321377596213334,0.7917069441853334,0.8280589900546668,0.8624286494373334,1.2114165326813335,1.222073003908,1.297993003908,1.3379396705746667,1.3999565105746667,1.4023246105746667,1.4050548905746667,1.405588223908,1.5057483059186667,1.5057483059186667,1.6000370521986667,1.6447887956746667,1.7689823816093333,1.8106513683053334,1.968598034972,1.968598034972,2.174964789766667,2.1845647897666667,2.1942714564333334,2.2257333297613333,2.2257333297613333,2.2257333297613333,2.2415521117493333,2.2415521117493333,2.272983774985333,2.272983774985333,2.369410441652,2.6454006171280002,2.811001915769334,2.9963085824360003,3.2565219157693335,3.2565219157693335,,,,,,,,,,,,,,,,,,,,,,,,,,,,,,,,,,,
2017-02-06,322,4.5753738509363355,0.0,0.0,0.04500118012888199,0.08130552795496895,0.22127447205434783,0.2984794409984472,0.32518751553260866,0.5181378260916149,0.5181378260916149,0.7722993167748446,0.9056222981413042,1.0528583229860247,1.0996906211226707,1.2828893788866458,1.5417092546630433,1.5925788198804347,1.5925788198804347,1.6350943478307454,1.6951254037313666,1.7086036646009317,2.284535341619565,2.284535341619565,2.284535341619565,2.524473229818323,2.963945279507764,3.292330372675466,3.292330372675466,3.292330372675466,3.292330372675466,3.469255838513975,3.469255838513975,3.5201254037313663,3.8876098757810555,3.8876098757810555,3.8876098757810555,3.9254670186381984,3.9254670186381984,4.043448385097825,4.059597453420807,4.113168881992236,4.230156459631988,4.230156459631988,4.353696832302795,4.353696832302795,4.353696832302795,4.353696832302795,4.362299316774845,4.362299316774845,4.459131614911491,4.459131614911491,4.459131614911491,4.459131614911491,4.5753738509363355,4.5753738509363355,,,,,,,,,,,,,,,,,,,,,,,,,,,,,,,,,,,,
2017-02-07,319,1.3463667383166145,0.02103448275862069,0.03984326018808777,0.08106583072100314,0.10357366771159875,0.1147009323354232,0.1147009323354232,0.19341328015203763,0.19341328015203763,0.19341328015203763,0.20015309206426332,0.23244905720846396,0.27038009169122257,0.27038009169122257,0.2817280540736677,0.2916100710799373,0.35414925603291536,0.3608586907507837,0.3608586907507837,0.43351192122257054,0.43729802566614423,0.4439154777805643,0.4439154777805643,0.4439154777805643,0.5408433774670847,0.5408433774670847,0.6034217865579937,0.6211020373416928,0.6211020373416928,0.6268733258605016,0.6580018525062696,0.7108335597789969,0.7392034657351098,0.7462567572711599,0.7525539191974923,0.7614886358573668,0.7809037220282132,0.8104234172742948,0.8104234172742948,1.2644530429028213,1.2644530429028213,1.2675878391410658,1.291310366822884,1.291310366822884,1.291310366822884,1.3017291116347962,1.3017291116347962,1.3064278010705328,1.3064278010705328,1.3152881868636364,1.3463667383166145,1.3463667383166145,1.3463667383166145,1.3463667383166145,,,,,,,,,,,,,,,,,,,,,,,,,,,,,,,,,,,,,
2017-02-08,281,1.5399055734377223,0.2203202846975089,0.2499644128113879,0.31644128113879005,0.31644128113879005,0.3330604982206406,0.33733096085409253,0.33733096085409253,0.45249110320284697,0.45249110320284697,0.4777580071174377,0.4881138790035587,0.5584341637010676,0.7843772241992882,0.8922419928825622,0.9935587188612099,0.9935587188612099,1.0143416370106761,1.0543416370106762,1.0856227758007118,1.0856227758007118,1.160355871886121,1.1969395017793596,1.202099644128114,1.2374377224199289,1.282846975088968,1.282846975088968,1.2881850533807828,1.2881850533807828,1.3135943060498219,1.3135943060498219,1.3762633451957293,1.3762633451957293,1.3762633451957293,1.3762633451957293,1.3762633451957293,1.3762633451957293,1.3762633451957293,1.3977224199288254,1.3977224199288254,1.3977224199288254,1.442170818505338,1.4532028469750888,1.4619217081850533,1.4619217081850533,1.4896085409252668,1.5009608540925266,1.5009608540925266,1.5009608540925266,1.5009608540925266,1.5399055734377223,1.5399055734377223,1.5399055734377223,,,,,,,,,,,,,,,,,,,,,,,,,,,,,,,,,,,,,,
2017-02-09,315,13.823406227690478,0.026593695104761905,0.16398550267777778,0.25744582013809525,0.49077564855714284,0.6717704634333334,1.0285353604063492,1.4485574815,1.7192241481666666,2.122807351957143,2.449696240846032,2.9185954780444447,3.265470115363492,3.4479901018333337,3.744123855888889,3.9866000463650795,4.121486424333334,4.216618885425397,4.768872853679365,5.308968091774603,5.809130320626984,5.915654173280952,6.08650492144127,6.168830777488889,6.352682253679365,6.530428285425397,7.164765753679365,7.2118376019031745,7.615202681268253,7.795329665395237,8.130181803015873,8.765377234549206,9.038964536136508,9.36578229791746,9.572469666204762,10.218342682077779,10.38984754336508,10.519255346861906,10.882034987690478,10.898765146420637,11.052744323415874,11.214662065501589,13.050852541692064,13.106761630157143,13.150719147468255,13.150719147468255,13.16290962365873,13.233749642996827,13.385564957849208,13.52610464038889,13.823406227690478,13.823406227690478,,,,,,,,,,,,,,,,,,,,,,,,,,,,,,,,,,,,,,,
2017-02-10,320,1.21325820988125,0.0979785420796875,0.10226613078281249,0.10226613078281249,0.11506293398906249,0.11506293398906249,0.13141491883593748,0.3029774188359375,0.3029774188359375,0.3029774188359375,0.3029774188359375,0.3029774188359375,0.3029774188359375,0.37631746681875,0.384833028178125,0.384833028178125,0.4115932581578125,0.4620700552859375,0.5306719729984375,0.5775056346671875,0.7678872093953125,0.7678872093953125,0.7918351865515625,0.7918351865515625,0.8267363662390624,0.8267363662390624,0.8267363662390624,0.8267363662390624,0.8267363662390624,0.8267363662390624,0.8267363662390624,0.8267363662390624,1.0407676162390624,1.0407676162390624,1.0580546355453124,1.070764600675,1.073514600675,1.073514600675,1.076795850675,1.076795850675,1.107077100675,1.107077100675,1.113264600675,1.113264600675,1.113264600675,1.113264600675,1.14284075304375,1.19735195988125,1.19735195988125,1.21325820988125,1.21325820988125,,,,,,,,,,,,,,,,,,,,,,,,,,,,,,,,,,,,,,,,
2017-02-11,365,7.634799927920548,0.36944254358767126,0.6875539185630137,1.3457730966452055,1.7088963843164384,1.9504898360164384,2.0683551480082194,2.396711044441096,2.8745101093821916,2.9228011148849316,2.974167582179452,3.0842289906808222,3.411187894790411,3.4988317304068492,3.558568504763014,3.60840412120137,3.6883219294205483,3.9931712444890413,4.505636997913699,4.559280833530138,4.804211063147946,4.975361748079453,5.083416542600001,5.17664941931233,5.17664941931233,5.225580926161645,5.288211063147946,5.404128871367124,5.483087775476713,5.640594624791782,5.8861288713671245,5.959635720682193,6.008584711390411,6.230255944267124,6.377269642897261,6.396310738787672,6.581077862075343,6.695050464815069,6.719543615500001,6.841324437417809,6.933726081530137,7.0133699171465755,7.068306777235617,7.182060201893151,7.226936914221918,7.3493204758657535,7.440169790934247,7.59315609230411,7.634799927920548,7.634799927920548,,,,,,,,,,,,,,,,,,,,,,,,,,,,,,,,,,,,,,,,,
2017-02-12,362,3.245335312151933,0.20625558221823204,0.4647282694198895,0.4917724683149171,0.5343804859447514,0.6430500094060774,0.7036211008370166,0.7283897687872928,0.7898779916408839,0.900563166616022,0.9691543268370164,1.0131322273895027,1.116088028494475,1.1482427246270717,1.1859314210096683,1.202146890622928,1.2673032800441988,1.2961780068190607,1.2961780068190607,1.4029947882486187,1.48153220569337,1.5875166670193368,1.745259353483425,1.8021203893950273,1.8815923498135356,1.9914441479364637,2.0545064502872923,2.0872937086353587,2.154795186292817,2.2482135005649164,2.3597128776947507,2.3794133216491704,2.467443295415745,2.5779873314116015,2.7492214135897783,2.7775397108549718,2.835888265649171,2.844645224092541,2.89668478767127,2.9431488760690603,2.983246467696132,3.006419081241712,3.0666782541477895,3.0734462099488944,3.114551182324585,3.1358850732513806,3.1358850732513806,3.245335312151933,3.245335312151933,,,,,,,,,,,,,,,,,,,,,,,,,,,,,,,,,,,,,,,,,,
2017-02-13,253,2.6333510501363637,0.0,0.1406196673201581,0.26291355905335967,0.2694982579189723,0.43737869769762844,0.49942044926086954,0.6519875233181818,0.8522246774683794,1.2948643167865612,1.3597263695256916,1.4286008869762845,1.4625574730039526,1.5241600404268774,1.5803661565256917,1.6435046370177866,1.6707455723833993,1.7047809027470355,1.7822490951897232,1.7858805856245057,1.8866803781146242,1.9401567121067191,1.9508519789051382,1.9813169215335966,2.0045260591047427,2.0534946348715413,2.0534946348715413,2.134182307913043,2.163031996264822,2.1951663836166007,2.229511903735178,2.229511903735178,2.237642624891304,2.2730075362747035,2.3242654784387353,2.3407186450592885,2.402185988049407,2.402185988049407,2.423292707416996,2.495671566887352,2.495671566887352,2.5223579946976287,2.5223579946976287,2.5223579946976287,2.5223579946976287,2.5223579946976287,2.6333510501363637,2.6333510501363637,,,,,,,,,,,,,,,,,,,,,,,,,,,,,,,,,,,,,,,,,,,
2017-02-14,289,0.9353642381262978,0.012387543252595156,0.02187954943598616,0.037588891996539794,0.04399027607958478,0.04399027607958478,0.04399027607958478,0.04399027607958478,0.04399027607958478,0.14873076050865053,0.14873076050865053,0.14873076050865053,0.14873076050865053,0.1729176117197232,0.22091069130449828,0.2547169196782007,0.2836788573944637,0.3144055009930796,0.3247515217543253,0.3247515217543253,0.3247515217543253,0.3540940823079585,0.3540940823079585,0.3540940823079585,0.3540940823079585,0.3540940823079585,0.39662003386505196,0.7515681307508651,0.8215586183391005,0.8284887379083047,0.8284887379083047,0.8321219559013843,0.8321219559013843,0.8344117648944639,0.8344117648944639,0.8344117648944639,0.8344117648944639,0.8344117648944639,0.8344117648944639,0.8344117648944639,0.8702723113166092,0.8702723113166092,0.8782372054083047,0.8923894545432528,0.9353642381262978,0.9353642381262978,0.9353642381262978,,,,,,,,,,,,,,,,,,,,,,,,,,,,,,,,,,,,,,,,,,,,
2017-02-15,272,2.910111822012868,0.026741560358455884,0.27026449631985294,0.27026449631985294,0.27026449631985294,0.30136743749632355,0.32096302573161767,0.4801542022022059,0.4801542022022059,0.5514042022022059,0.6660542158419117,0.697965980547794,0.697965980547794,0.8903841051544117,0.8903841051544117,1.0744649875073529,1.180310575742647,1.326560575742647,1.514060575742647,1.519092276110294,1.5522908055220588,1.5757834525808823,1.773467276110294,2.1732099231691175,2.2325679989503677,2.2325679989503677,2.2325679989503677,2.2325679989503677,2.2325679989503677,2.2551415283621323,2.3639282930680148,2.472715057773897,2.48712682247978,2.662567998950368,2.732384175420956,2.7620900577738974,2.7620900577738974,2.7620900577738974,2.763928293068015,2.8590456455422797,2.8590456455422797,2.8590456455422797,2.910111822012868,2.910111822012868,2.910111822012868,2.910111822012868,,,,,,,,,,,,,,,,,,,,,,,,,,,,,,,,,,,,,,,,,,,,,
2017-02-16,228,5.772149122807018,0.10894736842105263,0.5524561403508772,0.7156578947368422,1.0385526315789475,1.1110526315789475,1.3017105263157895,1.3137280701754386,1.4412280701754385,1.5812280701754384,1.9864035087719296,2.3636842105263156,2.9837280701754385,3.021140350877193,3.021140350877193,3.2587280701754384,3.2587280701754384,3.7181140350877193,3.9135964912280703,4.041622807017544,4.24280701754386,4.24280701754386,4.279649122807018,4.414649122807018,4.438728070175439,4.442412280701755,4.600964912280703,4.941315789473685,4.941315789473685,4.941315789473685,4.971096491228071,4.991929824561404,5.261973684210527,5.261973684210527,5.261973684210527,5.261973684210527,5.261973684210527,5.261973684210527,5.261973684210527,5.261973684210527,5.261973684210527,5.503947368421053,5.503947368421053,5.772149122807018,5.772149122807018,,,,,,,,,,,,,,,,,,,,,,,,,,,,,,,,,,,,,,,,,,,,,,
2017-02-17,398,0.393891173419598,0.010402010050251256,0.014547738693467337,0.02806532663316583,0.07010050251256282,0.10532663316582916,0.11671904144849247,0.148684597629397,0.148684597629397,0.148684597629397,0.148684597629397,0.19280520064447237,0.19280520064447237,0.19280520064447237,0.20196136442085427,0.20824277145603015,0.2164337262298995,0.2164337262298995,0.23834327396859298,0.23834327396859298,0.23834327396859298,0.23834327396859298,0.23939855035050253,0.23939855035050253,0.23939855035050253,0.23939855035050253,0.23939855035050253,0.27078045989824123,0.27078045989824123,0.27078045989824123,0.27078045989824123,0.2716386278982412,0.2716386278982412,0.2716386278982412,0.2716386278982412,0.2716386278982412,0.34472031914824125,0.3738409221633166,0.3738409221633166,0.3738409221633166,0.393891173419598,0.393891173419598,0.393891173419598,0.393891173419598,,,,,,,,,,,,,,,,,,,,,,,,,,,,,,,,,,,,,,,,,,,,,,,
2017-02-18,506,6.55131748817589,0.02041501976284585,1.1238735177865613,1.4557905138339922,2.1004545454545456,2.4132213438735177,2.4201581027667984,2.492411067193676,2.9465138509891307,3.1301502146254943,3.852685391755929,4.32401734699506,4.36905687268676,4.444511418141305,4.489621467113637,4.75634083470257,4.811637277390317,4.831736091619566,4.899068107429843,4.972052297153164,5.042506842607709,5.068732139050397,5.299107633121543,5.303119490829053,5.351854668694665,5.40835664497925,5.769842792534586,5.783558207554349,5.794803266842886,5.813956440293479,5.827540849657115,5.827540849657115,5.833469703412056,5.87101911052668,6.020189071000988,6.211809624360672,6.211809624360672,6.478155432839921,6.5354479229584985,6.55131748817589,6.55131748817589,6.55131748817589,6.55131748817589,,,,,,,,,,,,,,,,,,,,,,,,,,,,,,,,,,,,,,,,,,,,,,,,
2017-02-19,711,2.0586941252292545,0.09548219722222222,0.2896068491666667,0.41568025151898735,0.4652999858790436,0.670142640021097,0.7388704022644162,0.8280120329838255,0.852400218637834,0.852400218637834,0.9049527748614626,0.940532856682841,0.9598116533291139,0.970472694116737,1.0391857602208157,1.073391104805907,1.1447933621898734,1.1565795787862165,1.2287455422180027,1.2287455422180027,1.241445964158931,1.2663281141483824,1.3586347245562587,1.462108704865682,1.4845700269472573,1.534080904413502,1.6095520717834035,1.6286659958340364,1.6414367412630098,1.6608178945682137,1.7372735907707453,1.7972454613755273,1.8074283024444444,1.8118164880984529,1.8361624796596343,1.8658671210098452,1.882308752514768,2.013180763766526,2.022027458562588,2.0548263333867793,2.0586941252292545,2.0586941252292545,,,,,,,,,,,,,,,,,,,,,,,,,,,,,,,,,,,,,,,,,,,,,,,,,
2017-02-20,527,0.643678742768501,0.0,0.06485867576185958,0.07020420828652751,0.07722508115180265,0.08534702812523719,0.08855385924478178,0.08855385924478178,0.14091691309962048,0.1458504994373814,0.16575562277703984,0.19265096269639467,0.19265096269639467,0.19265096269639467,0.20393109077988614,0.20393109077988614,0.21246999021062618,0.21246999021062618,0.21360851013472484,0.2177830831897533,0.23180585358823527,0.236595492829222,0.24795092919639466,0.25969665974667927,0.28187882293453503,0.3154677644544591,0.33583928826565457,0.33583928826565457,0.3397886726631878,0.3645941158728652,0.3645941158728652,0.4082753302941176,0.47136830942125235,0.5314821614136622,0.5325792015901328,0.5325792015901328,0.5325792015901328,0.5325792015901328,0.5670763552903226,0.643678742768501,0.643678742768501,,,,,,,,,,,,,,,,,,,,,,,,,,,,,,,,,,,,,,,,,,,,,,,,,,
2017-02-21,744,2.738251390051075,0.021764586535618278,0.038880888944220426,0.0634806978891129,0.17098733583938172,0.21569279510215053,0.21809251978629032,0.2960553399657258,0.37748164458333333,0.46705039787634406,0.7139931143803763,0.7428729813561827,0.7971466204690859,0.825919372485215,0.9359410962755376,1.0232844948057795,1.112204081796371,1.241784980372984,1.2868095273091398,1.3451171777291666,1.503398955486559,1.6362499108642472,1.7977094349663978,1.8258864211034946,1.857618762905914,1.9088293569737904,2.047297474385081,2.047297474385081,2.0919948206155916,2.225547918873656,2.3968681037446236,2.3968681037446236,2.408661334424059,2.462423074924059,2.516789203299059,2.537338391049059,2.537338391049059,2.568046109500672,2.738251390051075,2.738251390051075,,,,,,,,,,,,,,,,,,,,,,,,,,,,,,,,,,,,,,,,,,,,,,,,,,,
2017-02-22,705,0.26649725248439715,0.020365620623404256,0.026663959897163123,0.05619587479078014,0.05619587479078014,0.06642282514539007,0.06642282514539007,0.07555757691843971,0.12878470892411348,0.13219769017943261,0.1508277512148936,0.15409016256241134,0.15409016256241134,0.15409016256241134,0.15409016256241134,0.1552523420390071,0.1552523420390071,0.16756561367801417,0.16922518814609927,0.16922518814609927,0.17074291864255317,0.18410462077021275,0.18410462077021275,0.18410462077021275,0.18410462077021275,0.19394859240141843,0.22133732113333332,0.22543661191347517,0.23668483886382977,0.23668483886382977,0.23668483886382977,0.23668483886382977,0.2549401580127659,0.2569968956014184,0.2569968956014184,0.2569968956014184,0.2592064723425532,0.26649725248439715,0.26649725248439715,,,,,,,,,,,,,,,,,,,,,,,,,,,,,,,,,,,,,,,,,,,,,,,,,,,,
2017-02-23,492,0.3469185882672764,0.0,0.0,0.0,0.0,0.006991869918699187,0.010386178861788619,0.010386178861788619,0.058922764227642276,0.06827235772357723,0.13481707317073172,0.15054878048780487,0.15054878048780487,0.16892276422764227,0.18664345738821136,0.21962184029979673,0.29586167769817073,0.31606492973069106,0.34488606794207316,0.34488606794207316,0.34488606794207316,0.34488606794207316,0.34488606794207316,0.3469185882672764,0.3469185882672764,0.3469185882672764,0.3469185882672764,0.3469185882672764,0.3469185882672764,0.3469185882672764,0.3469185882672764,0.3469185882672764,0.3469185882672764,0.3469185882672764,0.3469185882672764,0.3469185882672764,0.3469185882672764,0.3469185882672764,,,,,,,,,,,,,,,,,,,,,,,,,,,,,,,,,,,,,,,,,,,,,,,,,,,,,
2017-02-24,530,1.4799682269169814,0.018867924528301886,0.14140801908679246,0.2097099058792453,0.27574451593301885,0.2950721541311321,0.37910386628679243,0.6140153247396226,0.7192171521830188,0.749250694635849,0.7703827701075472,0.791186944635849,0.8071481219622642,0.8163368012075471,0.8519405747924528,1.039644640981132,1.0864748296603772,1.0905314334339622,1.095267282490566,1.1241729428679246,1.159889924,1.1640408673962264,1.202833320226415,1.2173427541886792,1.236267282490566,1.2553050183396226,1.2553050183396226,1.341094089340566,1.3456223912273586,1.3505091836801888,1.3505091836801888,1.3505091836801888,1.4444903157556606,1.4525846553783022,1.4696097363509437,1.4799682269169814,1.4799682269169814,,,,,,,,,,,,,,,,,,,,,,,,,,,,,,,,,,,,,,,,,,,,,,,,,,,,,,
2017-02-25,493,0.5203217685841784,0.0,0.02981917839959432,0.03296319462677485,0.0975763632545639,0.12157230645943205,0.1547974585892495,0.18323559246348886,0.19106520706795133,0.19735323952231237,0.21811792004969574,0.26367350344016227,0.28627934283671397,0.29038262051115615,0.3432832290304259,0.3596726813630831,0.3596726813630831,0.44255300590669366,0.44255300590669366,0.4564069612819472,0.4749262310588235,0.4749262310588235,0.4749262310588235,0.5037700444462474,0.507887691505071,0.507887691505071,0.5147639592535497,0.5147639592535497,0.5203217685841784,0.5203217685841784,0.5203217685841784,0.5203217685841784,0.5203217685841784,0.5203217685841784,0.5203217685841784,0.5203217685841784,,,,,,,,,,,,,,,,,,,,,,,,,,,,,,,,,,,,,,,,,,,,,,,,,,,,,,,
2017-02-26,458,4.7725911786703055,0.0,0.03181222707423581,0.14443231441048035,0.2137991266375546,0.2287336244541485,0.3382751091703057,0.3382751091703057,0.37277344432314413,0.3902188591703057,0.4331664574235808,0.680003344650655,0.9188149948744542,1.7090115014246725,1.9489106148482533,1.9799804838438866,2.0033082970906113,2.0462777294050216,2.3169982534224887,2.357238428094978,2.3629363227510916,2.371014925371179,2.4626961480786025,2.4626961480786025,2.8974559734061134,2.916429772532751,2.9801633969868995,4.04399967795524,4.544327188872271,4.585331555684498,4.630811905029476,4.63517871725655,4.641608645919214,4.7725911786703055,4.7725911786703055,,,,,,,,,,,,,,,,,,,,,,,,,,,,,,,,,,,,,,,,,,,,,,,,,,,,,,,,
2017-02-27,458,5.338076316255458,0.0,0.0,0.025305676855895198,0.032554585152838426,0.05056768558951965,0.06949781659388646,0.06949781659388646,0.06949781659388646,0.07266375545851528,0.09185589519650654,0.10010917030567684,0.1548471615720524,0.16388646288209605,0.19591703056768556,0.26847161572052397,0.2771834061135371,0.2796288209606987,0.28670305676855895,0.33032751091703055,0.3928384279475982,0.404825327510917,0.5523799126637554,0.6007205240174672,1.6622489082969432,1.689825327510917,2.8148689956331876,3.0265283842794757,4.091875442893013,4.92702828132096,4.956264089181222,5.338076316255458,5.338076316255458,5.338076316255458,,,,,,,,,,,,,,,,,,,,,,,,,,,,,,,,,,,,,,,,,,,,,,,,,,,,,,,,,
2017-02-28,500,1.3779011226049998,0.037326301791,0.221068170958,0.24184784735,0.26926881855,0.29237098355,0.33189098355,0.35031108355,0.39895108355000003,0.44771230698700004,0.486932306987,0.540052306987,0.587572306987,0.635412306987,0.637912306987,0.6777830993239999,0.710323099324,0.733883099324,0.823502814836,0.8420228148359999,0.8620628148359999,1.0020628148359998,1.0622028148359999,1.2064428148359998,1.2269124703519998,1.2558524703519998,1.2911000080139998,1.314160008014,1.3188600080139998,1.3416400080139999,1.3416400080139999,1.3779011226049998,1.3779011226049998,,,,,,,,,,,,,,,,,,,,,,,,,,,,,,,,,,,,,,,,,,,,,,,,,,,,,,,,,,
2017-03-01,691,2.4896871605484803,0.016978583430535456,0.03636541270188133,0.08024456922865413,0.1656920547568741,0.24461859238350217,0.38699306054558613,0.45690783772720694,0.5220068619450072,0.810285630036903,0.9215831295839363,0.9613081964363241,1.0521583589044863,1.1678451057879884,1.1817804860094065,1.238804831193198,1.45272900653835,1.4560123428169318,1.5011467324971055,1.526169905420405,1.535144265586107,1.5385415238929088,1.8906864056027495,2.0866811841266277,2.139096226522431,2.1953701480622283,2.341973629782923,2.363711660304631,2.4225935410658463,2.455133828545586,2.4896871605484803,2.4896871605484803,,,,,,,,,,,,,,,,,,,,,,,,,,,,,,,,,,,,,,,,,,,,,,,,,,,,,,,,,,,
2017-03-02,838,1.1357132479373506,0.09288046766706444,0.11530779809665871,0.1502763034665871,0.22326675991050118,0.24753969248806681,0.26376784629952266,0.2644599704045346,0.3020764679295943,0.32362612780190936,0.4427533779009547,0.44418535880787596,0.45019967861694515,0.4615824097822196,0.50073961724821,0.5563561816587113,0.6229481979785203,0.6229481979785203,0.6270749312696897,0.6330892510787589,0.6535712610101432,0.6884099281688544,0.7270018136103819,0.7389946537058473,0.848829854344272,0.8586618982684964,0.8982153888406921,1.0658078252225536,1.0962479160584724,1.1357132479373506,1.1357132479373506,,,,,,,,,,,,,,,,,,,,,,,,,,,,,,,,,,,,,,,,,,,,,,,,,,,,,,,,,,,,
2017-03-03,719,2.8002886654652293,0.10084840055632824,0.13769367176634215,0.46659467315716274,0.5840863490959667,0.6775732136369959,0.7251909340208623,0.8263497494659249,0.8967729704673157,1.0942328170535467,1.118822524981224,1.1645829337420028,1.1654174260924897,1.3324690087121003,1.4283735653324063,1.7144276835806678,1.7162364594325454,1.902414113740612,1.9768591359721837,2.126348770232267,2.155150075187761,2.285825894230181,2.328084478600139,2.347679866369263,2.3846127675375524,2.437771815386648,2.4555277574318497,2.6927761491314324,2.8002886654652293,2.8002886654652293,,,,,,,,,,,,,,,,,,,,,,,,,,,,,,,,,,,,,,,,,,,,,,,,,,,,,,,,,,,,,
2017-03-04,688,1.8815632011736916,0.07149500162063953,0.16428513970203487,0.2234226178997093,0.26504107603052324,0.3299330469280523,0.3895714419113372,0.4656464516765988,0.6317314044069767,0.7662740744658431,0.8249514000472384,0.9552325069847384,1.0172528558219476,1.1184028494672964,1.2008211558277615,1.2567348773168603,1.3464733906562498,1.3595961950806685,1.3595961950806685,1.4269361656286337,1.489007003337936,1.5571950753117731,1.5759089661824126,1.6209583501090115,1.7111719976322672,1.7634683959047963,1.8352417373241277,1.8815632011736916,1.8815632011736916,,,,,,,,,,,,,,,,,,,,,,,,,,,,,,,,,,,,,,,,,,,,,,,,,,,,,,,,,,,,,,
2017-03-05,789,2.247475509670469,0.3113472116603295,0.38803105830164764,0.7132203431051964,0.8563766838510773,1.0027859569055768,1.0898328517091256,1.2834820132547529,1.306807927670469,1.3606768767813688,1.5186928108422053,1.5487788327135614,1.5769731404385297,1.627594201776299,1.6422060285088718,1.6478967762908743,1.6621415901292773,1.7469308654062101,1.788899424490494,1.8694063953396702,1.9038900109049428,1.9172830623707222,1.9362944692148287,1.9841748038010139,2.09617733865526,2.2116627250437264,2.247475509670469,2.247475509670469,,,,,,,,,,,,,,,,,,,,,,,,,,,,,,,,,,,,,,,,,,,,,,,,,,,,,,,,,,,,,,,
2017-03-06,685,3.363968747172993,0.0748029197080292,0.0793335316459854,0.08444611116934307,0.09196435934452556,0.357441958,0.4382141731605839,0.5176433226277372,0.5176433226277372,0.6118532154518247,0.8639700037729926,1.2158783167956204,1.4779523983875913,1.6553854958883212,1.6553854958883212,2.225565798374453,2.2616241925350367,2.31628291030365,2.7614799905956207,2.807486919984672,2.9573117375029203,3.089595005782482,3.1459800259401463,3.339235500392701,3.3524565887481756,3.363968747172993,3.363968747172993,,,,,,,,,,,,,,,,,,,,,,,,,,,,,,,,,,,,,,,,,,,,,,,,,,,,,,,,,,,,,,,,
2017-03-07,604,0.7752760288410596,0.009335837238410596,0.035656039620033116,0.0387275843576159,0.12123864106539735,0.25569257254635763,0.2818372561705298,0.2998647829304636,0.3024310080960265,0.3179865734403974,0.3450782636059603,0.3740268802268212,0.39847078586920526,0.40557343487582775,0.4807528096746688,0.4917257849519867,0.5896137072698675,0.6305638147557947,0.6770525154701986,0.7266311904726821,0.7585728323584436,0.7681446895273178,0.7681446895273178,0.7752760288410596,0.7752760288410596,0.7752760288410596,,,,,,,,,,,,,,,,,,,,,,,,,,,,,,,,,,,,,,,,,,,,,,,,,,,,,,,,,,,,,,,,,
2017-03-08,633,0.8040821442582937,0.04264784875987362,0.0731863838056872,0.10265290995339653,0.11372715955845182,0.11372715955845182,0.14259654665244867,0.16651505716982623,0.17598496872985783,0.22361530048341233,0.2308822831058452,0.3594670337180095,0.3925002090734597,0.4000711183317536,0.44644905728594,0.47561575291469194,0.48703633067219587,0.5128815123467614,0.5318388583183253,0.611680880435229,0.6254249562646128,0.7230078946532384,0.7732132659012637,0.8040821442582937,0.8040821442582937,,,,,,,,,,,,,,,,,,,,,,,,,,,,,,,,,,,,,,,,,,,,,,,,,,,,,,,,,,,,,,,,,,
2017-03-09,577,2.050763882831023,0.07741279045233969,0.27921521679549394,0.6230627037972271,0.7302282304714038,0.7786508211221838,0.7820650325606586,0.8216317569974004,0.9019957084705373,0.9019957084705373,0.9860844118760833,1.1372900460450608,1.1372900460450608,1.2225933389393415,1.3029746214350089,1.3748983649358755,1.5853143094766033,1.5967354533240903,1.6299763545372619,1.636146198558059,1.8090751413656847,1.842142732353553,2.050763882831023,2.050763882831023,,,,,,,,,,,,,,,,,,,,,,,,,,,,,,,,,,,,,,,,,,,,,,,,,,,,,,,,,,,,,,,,,,,
2017-03-10,579,1.0779708437763384,0.22339859582642488,0.45105163693350603,0.6263848567936097,0.6263848567936097,0.6918080001442142,0.7547098994067357,0.810682574708981,0.8244822292858376,0.8485137686355785,0.8649731814162348,0.8908626460103626,0.9220198135405872,0.9501372574093263,0.9698781900518133,0.9741959793436958,1.0090491745077719,1.0271666183765111,1.0271666183765111,1.034931120114853,1.0511314655379964,1.0779708437763384,1.0779708437763384,,,,,,,,,,,,,,,,,,,,,,,,,,,,,,,,,,,,,,,,,,,,,,,,,,,,,,,,,,,,,,,,,,,,
2017-03-11,617,3.1790484400542955,1.8290923824959482,1.9665802269043762,2.006110210696921,2.0496596434359806,2.0790536852658024,2.1621817241636956,2.1705454156045385,2.2007723199805516,2.2455211044213943,2.343631530960292,2.36927508810859,2.476041743523501,2.5513039749205837,2.6594843012504055,2.814057584793355,2.8244008893881687,2.8800664802309566,3.0051454267001625,3.1704065975170184,3.1790484400542955,3.1790484400542955,,,,,,,,,,,,,,,,,,,,,,,,,,,,,,,,,,,,,,,,,,,,,,,,,,,,,,,,,,,,,,,,,,,,,
2017-03-12,523,0.7009261472801147,0.035610557475143405,0.04840214447323136,0.06784765116539197,0.07509430508508605,0.13076797359751435,0.1609776021873805,0.20336533787858507,0.3736521447619503,0.38874547765965584,0.41000482687380496,0.44420894361472274,0.5014829694569789,0.5426559936759081,0.5619485366969407,0.6018975055956023,0.6075189205095602,0.7009261472801147,0.7009261472801147,0.7009261472801147,0.7009261472801147,,,,,,,,,,,,,,,,,,,,,,,,,,,,,,,,,,,,,,,,,,,,,,,,,,,,,,,,,,,,,,,,,,,,,,
2017-03-13,512,0.3824720445605469,0.04669921875,0.05412109375,0.07068359375,0.07068359375,0.075703125,0.07775390624999999,0.08291015624999999,0.088125,0.11328125,0.13142578125,0.16653541375097658,0.18169394731152347,0.2634574218496094,0.3067103258105469,0.3534290758105469,0.3728236070605469,0.3746790758105469,0.3824720445605469,0.3824720445605469,,,,,,,,,,,,,,,,,,,,,,,,,,,,,,,,,,,,,,,,,,,,,,,,,,,,,,,,,,,,,,,,,,,,,,,
2017-03-14,460,0.9113857142641304,0.12932608695652173,0.18447915330652173,0.25905175307391304,0.2956821878565217,0.3371964262619565,0.42669642626195653,0.4833818040304348,0.5734758874239131,0.6899937507869566,0.7123415768739131,0.7536191608793479,0.7826303832184783,0.803859459351087,0.8305246104673913,0.8536333061195652,0.9113857142641304,0.9113857142641304,0.9113857142641304,,,,,,,,,,,,,,,,,,,,,,,,,,,,,,,,,,,,,,,,,,,,,,,,,,,,,,,,,,,,,,,,,,,,,,,,
2017-03-15,415,0.7128864195542168,0.014674698795180723,0.10353776727951808,0.12102451880120482,0.29097632603012047,0.29097632603012047,0.29097632603012047,0.29097632603012047,0.3126031676939759,0.3544344929951807,0.3884344929951807,0.46055630889999993,0.5188936582975903,0.5715958049506024,0.6551755761807229,0.7028382267831325,0.7128864195542168,0.7128864195542168,,,,,,,,,,,,,,,,,,,,,,,,,,,,,,,,,,,,,,,,,,,,,,,,,,,,,,,,,,,,,,,,,,,,,,,,,
2017-03-16,440,0.6930023532818181,0.0852621933,0.10196673875454546,0.3237056967738636,0.3237056967738636,0.3309329695011364,0.3888193331375,0.525120019740909,0.525120019740909,0.5665608746931817,0.5763689045897726,0.5866858841079544,0.6430429942795454,0.6752419561329545,0.6918205351,0.6930023532818181,0.6930023532818181,,,,,,,,,,,,,,,,,,,,,,,,,,,,,,,,,,,,,,,,,,,,,,,,,,,,,,,,,,,,,,,,,,,,,,,,,,
2017-03-17,404,0.15489387504207922,0.011732673267326733,0.07628606628341585,0.07628606628341585,0.07908309598638615,0.08685537321410892,0.08685537321410892,0.12608908813613862,0.12608908813613862,0.13736912256683168,0.13736912256683168,0.13736912256683168,0.1433839740519802,0.15489387504207922,0.15489387504207922,0.15489387504207922,,,,,,,,,,,,,,,,,,,,,,,,,,,,,,,,,,,,,,,,,,,,,,,,,,,,,,,,,,,,,,,,,,,,,,,,,,,
2017-03-18,500,1.5850044952139999,0.01868,0.581910761062,0.689010761062,0.772350761062,0.912670761062,0.946430761062,1.073610761062,1.1369707610620001,1.288723692899,1.321786283614,1.397395550122,1.5850044952139999,1.5850044952139999,1.5850044952139999,,,,,,,,,,,,,,,,,,,,,,,,,,,,,,,,,,,,,,,,,,,,,,,,,,,,,,,,,,,,,,,,,,,,,,,,,,,,
2017-03-19,531,0.42201251538606416,0.052214956302259884,0.14082319016666667,0.153259665826742,0.2265791442448211,0.2644457340564972,0.2734834803201507,0.3367128787222223,0.3718344933370999,0.3764484293069681,0.3764484293069681,0.42201251538606416,0.42201251538606416,0.42201251538606416,,,,,,,,,,,,,,,,,,,,,,,,,,,,,,,,,,,,,,,,,,,,,,,,,,,,,,,,,,,,,,,,,,,,,,,,,,,,,
2017-03-20,402,1.3050027150335821,0.0607687551977612,0.2760295205572139,0.6388212242873135,0.679200201880597,0.9999192946753732,1.0432281798818408,1.0467107669465174,1.0792729560012437,1.0792729560012437,1.112332657493781,1.3050027150335821,1.3050027150335821,,,,,,,,,,,,,,,,,,,,,,,,,,,,,,,,,,,,,,,,,,,,,,,,,,,,,,,,,,,,,,,,,,,,,,,,,,,,,,
2017-03-21,526,0.37093519042205325,0.0601283189904943,0.08596482089163499,0.11791827468155894,0.16031371194391636,0.17281117942110266,0.1869369814230038,0.23145902645342206,0.2507535401739544,0.26475599547148293,0.37093519042205325,0.37093519042205325,,,,,,,,,,,,,,,,,,,,,,,,,,,,,,,,,,,,,,,,,,,,,,,,,,,,,,,,,,,,,,,,,,,,,,,,,,,,,,,
2017-03-22,481,0.20685210495738046,0.0,0.026702758733887735,0.04501108185031185,0.04501108185031185,0.05924040259355509,0.08151192355821206,0.1223101812110187,0.16638096668087318,0.20685210495738046,0.20685210495738046,,,,,,,,,,,,,,,,,,,,,,,,,,,,,,,,,,,,,,,,,,,,,,,,,,,,,,,,,,,,,,,,,,,,,,,,,,,,,,,,
2017-03-23,486,0.07126200575102881,0.002242798353909465,0.002242798353909465,0.002242798353909465,0.003436213991769547,0.04132682127572016,0.04981363569547325,0.0529904008127572,0.07126200575102881,0.07126200575102881,,,,,,,,,,,,,,,,,,,,,,,,,,,,,,,,,,,,,,,,,,,,,,,,,,,,,,,,,,,,,,,,,,,,,,,,,,,,,,,,,
2017-03-24,460,0.11291304347826088,0.09156521739130435,0.0981304347826087,0.10197826086956523,0.10197826086956523,0.10197826086956523,0.10469565217391305,0.11291304347826088,0.11291304347826088,,,,,,,,,,,,,,,,,,,,,,,,,,,,,,,,,,,,,,,,,,,,,,,,,,,,,,,,,,,,,,,,,,,,,,,,,,,,,,,,,,
2017-03-25,539,0.003009666585343228,0.0,0.0,0.0,0.0,0.003009666585343228,0.003009666585343228,0.003009666585343228,,,,,,,,,,,,,,,,,,,,,,,,,,,,,,,,,,,,,,,,,,,,,,,,,,,,,,,,,,,,,,,,,,,,,,,,,,,,,,,,,,,
2017-03-26,597,0.06467681363484086,0.03340420419681742,0.04255035769262982,0.05796074295226131,0.0625495104522613,0.06467681363484086,0.06467681363484086,,,,,,,,,,,,,,,,,,,,,,,,,,,,,,,,,,,,,,,,,,,,,,,,,,,,,,,,,,,,,,,,,,,,,,,,,,,,,,,,,,,,
2017-03-27,491,0.17512821231160894,0.037112264254582486,0.14349459784114052,0.16707836425661912,0.17512821231160894,0.17512821231160894,,,,,,,,,,,,,,,,,,,,,,,,,,,,,,,,,,,,,,,,,,,,,,,,,,,,,,,,,,,,,,,,,,,,,,,,,,,,,,,,,,,,,
2017-03-28,551,0.0406909266969147,0.0274521340553539,0.0406909266969147,0.0406909266969147,0.0406909266969147,,,,,,,,,,,,,,,,,,,,,,,,,,,,,,,,,,,,,,,,,,,,,,,,,,,,,,,,,,,,,,,,,,,,,,,,,,,,,,,,,,,,,,
2017-03-29,539,0.07923677944155844,0.004006244924860854,0.07923677944155844,0.07923677944155844,,,,,,,,,,,,,,,,,,,,,,,,,,,,,,,,,,,,,,,,,,,,,,,,,,,,,,,,,,,,,,,,,,,,,,,,,,,,,,,,,,,,,,,
2017-03-30,458,0.0,0.0,0.0,,,,,,,,,,,,,,,,,,,,,,,,,,,,,,,,,,,,,,,,,,,,,,,,,,,,,,,,,,,,,,,,,,,,,,,,,,,,,,,,,,,,,,,,
2017-03-31,445,0.0,0.0,,,,,,,,,,,,,,,,,,,,,,,,,,,,,,,,,,,,,,,,,,,,,,,,,,,,,,,,,,,,,,,,,,,,,,,,,,,,,,,,,,,,,,,,,
